{
  "v2_per_fig": {
    "grouped-bar": 22,
    "line-errband": 17,
    "scatter-fit": 19,
    "heatmap": 18,
    "box-violin": 16,
    "4panel-hero": 15,
    "architecture": 22,
    "roc-prc": 18,
    "ridgeline": 15,
    "dual-axis-time": 18,
    "stacked-bar": 19,
    "forest-plot": 19,
    "sankey": 15,
    "volcano": 23,
    "network-graph": 20,
    "latex-table": 20,
    "equation-block": 22
  },
  "v3_per_fig": {
    "grouped-bar": 24,
    "line-errband": 22,
    "scatter-fit": 24,
    "heatmap": 21,
    "box-violin": 21,
    "4panel-hero": 20,
    "architecture": 23,
    "roc-prc": 23,
    "ridgeline": 17,
    "dual-axis-time": 23,
    "stacked-bar": 17,
    "forest-plot": 24,
    "sankey": 23,
    "volcano": 19,
    "network-graph": 16,
    "latex-table": 21,
    "equation-block": 22,
    "cns-graphical-abstract": 22,
    "imrad-section": 19
  },
  "v2_avg17": 18.705882352941178,
  "v3_avg17": 21.176470588235293,
  "delta_avg17": 2.470588235294116,
  "v2_paper_page": {
    "pages": 0,
    "size_kb": 366,
    "macros": 6,
    "errs": 0,
    "undefs": 1
  },
  "v3_paper_page": {
    "pages": 0,
    "size_kb": 501,
    "macros": 8,
    "errs": 0,
    "undefs": 1
  },
  "v3_axis_means": {
    "scientific_clarity": 2.9473684210526314,
    "typography": 2.4210526315789473,
    "palette": 2.6842105263157894,
    "layout_density": 2.6842105263157894,
    "reviewer_readiness": 2.3684210526315788,
    "vector_fidelity": 2.473684210526316,
    "file_format": 2.736842105263158,
    "caption_quality": 2.789473684210526
  },
  "v2_axis_means": {
    "scientific_clarity": 2.9411764705882355,
    "typography": 1.5294117647058822,
    "palette": 2.0588235294117645,
    "layout_density": 2.6470588235294117,
    "reviewer_readiness": 2.235294117647059,
    "vector_fidelity": 1.588235294117647,
    "file_format": 2.8823529411764706,
    "caption_quality": 2.823529411764706
  }
}